strategy,tf,period,cost,trades,win_rate,profit_factor,expectancy_R,avg_R,total_return_pct,cagr_pct,max_dd_pct,mar,sharpe,max_loss_streak,best_R,worst_R,avg_bars,end_equity
ema_williams,1h,full,ideal,2495,44.4,1.18,0.091,0.09,682.6,10.0,-17.9,0.56,1.0,13,3.39,-1.0,29.4,78257.0
ema_williams,1h,full,realistic,2495,43.7,1.09,0.048,0.05,168.1,4.7,-26.7,0.17,0.53,15,3.23,-1.47,29.4,26812.0
ema_williams,1h,full,pessimistic,2495,43.2,1.03,0.022,0.02,39.0,1.5,-34.0,0.05,0.23,15,3.12,-1.76,29.4,13902.0
ema_williams,1h,IS_2004_2018,ideal,1672,45.3,1.18,0.091,0.09,292.0,9.8,-17.9,0.55,1.0,13,3.39,-1.0,29.4,39196.0
ema_williams,1h,IS_2004_2018,realistic,1672,44.7,1.07,0.04,0.04,68.2,3.6,-26.7,0.14,0.43,15,3.23,-1.47,29.4,16819.0
ema_williams,1h,IS_2004_2018,pessimistic,1672,44.1,1.0,0.008,0.01,1.2,0.1,-34.0,0.0,0.08,15,3.12,-1.76,29.4,10117.0
ema_williams,1h,OOS_2019_2026,ideal,820,42.7,1.18,0.093,0.09,92.3,9.7,-15.4,0.63,0.99,12,2.84,-1.0,29.5,19230.0
ema_williams,1h,OOS_2019_2026,realistic,820,41.7,1.13,0.066,0.07,57.6,6.6,-18.0,0.37,0.71,12,2.81,-1.11,29.5,15758.0
ema_williams,1h,OOS_2019_2026,pessimistic,820,41.5,1.09,0.049,0.05,36.9,4.5,-20.4,0.22,0.52,12,2.8,-1.18,29.5,13695.0
ema_williams,4h,full,ideal,651,45.2,1.2,0.115,0.12,88.3,3.0,-13.8,0.21,0.6,7,2.3,-1.0,29.4,18826.0
ema_williams,4h,full,realistic,651,44.9,1.16,0.096,0.1,68.2,2.4,-14.8,0.16,0.5,7,2.28,-1.12,29.4,16822.0
ema_williams,4h,full,pessimistic,651,44.9,1.13,0.083,0.08,54.0,2.0,-17.2,0.12,0.42,7,2.27,-1.19,29.4,15398.0
ema_williams,4h,IS_2004_2018,ideal,432,46.8,1.31,0.151,0.15,78.7,4.1,-7.7,0.53,0.8,7,2.22,-1.0,30.2,17873.0
ema_williams,4h,IS_2004_2018,realistic,432,46.3,1.25,0.128,0.13,62.3,3.4,-8.8,0.39,0.68,7,2.2,-1.12,30.2,16228.0
ema_williams,4h,IS_2004_2018,pessimistic,432,46.3,1.23,0.114,0.11,54.8,3.0,-9.8,0.31,0.62,7,2.19,-1.19,30.2,15476.0
ema_williams,4h,OOS_2019_2026,ideal,219,41.6,0.98,0.033,0.03,-2.3,-0.3,-12.3,-0.03,-0.03,7,2.3,-1.0,27.6,9768.0
ema_williams,4h,OOS_2019_2026,realistic,219,41.6,0.95,0.02,0.02,-4.8,-0.7,-14.3,-0.05,-0.11,7,2.28,-1.04,27.6,9516.0
ema_williams,4h,OOS_2019_2026,pessimistic,219,41.6,0.93,0.012,0.01,-6.6,-1.0,-15.0,-0.06,-0.16,7,2.27,-1.07,27.6,9337.0
ema_williams,1d,full,ideal,104,54.8,1.88,0.315,0.31,33.1,1.3,-3.8,0.35,0.64,4,2.18,-1.0,30.5,13315.0
ema_williams,1d,full,realistic,104,54.8,1.82,0.307,0.31,30.9,1.3,-4.3,0.29,0.61,4,2.17,-1.03,30.5,13086.0
ema_williams,1d,full,pessimistic,104,54.8,1.8,0.302,0.3,30.4,1.2,-4.4,0.28,0.6,4,2.16,-1.04,30.5,13040.0
ema_williams,1d,IS_2004_2018,ideal,68,50.0,1.29,0.167,0.17,7.7,0.5,-3.8,0.13,0.29,4,2.18,-1.0,31.7,10774.0
ema_williams,1d,IS_2004_2018,realistic,68,50.0,1.19,0.157,0.16,5.1,0.3,-4.3,0.08,0.2,4,2.17,-1.03,31.7,10509.0
ema_williams,1d,IS_2004_2018,pessimistic,68,50.0,1.17,0.152,0.15,4.8,0.3,-4.4,0.07,0.19,4,2.16,-1.04,31.7,10475.0
ema_williams,1d,OOS_2019_2026,ideal,36,61.1,3.35,0.558,0.56,24.5,3.1,-2.5,1.25,1.17,3,2.07,-1.0,27.3,12447.0
ema_williams,1d,OOS_2019_2026,realistic,36,61.1,3.32,0.552,0.55,24.3,3.1,-2.5,1.23,1.16,3,2.06,-1.01,27.3,12428.0
ema_williams,1d,OOS_2019_2026,pessimistic,36,61.1,3.3,0.549,0.55,24.2,3.1,-2.6,1.21,1.15,3,2.06,-1.02,27.3,12416.0
pullback,1h,full,ideal,2152,38.8,1.04,0.037,0.04,80.8,2.8,-38.1,0.07,0.34,16,3.36,-1.0,23.6,18085.0
pullback,1h,full,realistic,2152,38.4,0.95,-0.02,-0.02,-44.5,-2.7,-51.0,-0.05,-0.19,16,3.11,-1.79,23.6,5552.0
pullback,1h,full,pessimistic,2152,38.2,0.88,-0.056,-0.06,-76.2,-6.4,-76.2,-0.08,-0.58,16,3.04,-2.28,23.6,2380.0
pullback,1h,IS_2004_2018,ideal,1437,39.5,1.11,0.067,0.07,129.1,5.9,-28.8,0.2,0.62,16,3.36,-1.0,23.3,22907.0
pullback,1h,IS_2004_2018,realistic,1437,39.2,0.98,-0.001,-0.0,-11.6,-0.8,-35.5,-0.02,-0.0,16,3.11,-1.79,23.3,8844.0
pullback,1h,IS_2004_2018,pessimistic,1437,39.0,0.9,-0.044,-0.04,-51.6,-4.9,-58.1,-0.08,-0.42,16,3.04,-2.28,23.3,4842.0
pullback,1h,OOS_2019_2026,ideal,714,37.0,0.91,-0.03,-0.03,-27.6,-4.5,-38.5,-0.12,-0.4,15,2.58,-1.0,24.2,7243.0
pullback,1h,OOS_2019_2026,realistic,714,36.4,0.85,-0.065,-0.06,-41.7,-7.3,-43.9,-0.17,-0.72,15,2.55,-1.2,24.2,5829.0
pullback,1h,OOS_2019_2026,pessimistic,714,36.3,0.81,-0.086,-0.09,-48.4,-8.9,-48.4,-0.18,-0.9,15,2.52,-1.32,24.2,5158.0
pullback,4h,full,ideal,558,40.9,1.2,0.12,0.12,77.6,2.7,-17.2,0.16,0.53,9,2.33,-1.0,24.2,17762.0
pullback,4h,full,realistic,558,40.7,1.16,0.094,0.09,60.8,2.2,-20.8,0.11,0.45,9,2.32,-1.18,24.2,16081.0
pullback,4h,full,pessimistic,558,40.3,1.11,0.077,0.08,40.0,1.6,-23.1,0.07,0.33,9,2.31,-1.3,24.2,13997.0
pullback,4h,IS_2004_2018,ideal,367,41.1,1.17,0.108,0.11,41.7,2.4,-16.3,0.15,0.49,8,2.32,-1.0,24.0,14167.0
pullback,4h,IS_2004_2018,realistic,367,40.9,1.13,0.077,0.08,31.4,1.9,-18.3,0.1,0.39,8,2.29,-1.18,24.0,13140.0
pullback,4h,IS_2004_2018,pessimistic,367,40.3,1.07,0.057,0.06,17.0,1.1,-20.1,0.05,0.24,8,2.27,-1.3,24.0,11697.0
pullback,4h,OOS_2019_2026,ideal,191,40.3,1.25,0.134,0.13,23.8,3.1,-8.4,0.36,0.61,9,2.33,-1.0,24.6,12375.0
pullback,4h,OOS_2019_2026,realistic,191,40.3,1.21,0.116,0.12,19.2,2.5,-10.2,0.25,0.51,9,2.32,-1.06,24.6,11924.0
pullback,4h,OOS_2019_2026,pessimistic,191,40.3,1.16,0.105,0.11,14.9,2.0,-10.9,0.18,0.42,9,2.31,-1.09,24.6,11487.0
pullback,1d,full,ideal,98,40.8,1.36,0.137,0.14,15.9,0.7,-10.4,0.07,0.35,7,2.18,-1.0,26.5,11591.0
pullback,1d,full,realistic,98,40.8,1.33,0.127,0.13,14.5,0.6,-11.3,0.06,0.32,7,2.15,-1.04,26.5,11454.0
pullback,1d,full,pessimistic,98,40.8,1.33,0.121,0.12,14.6,0.6,-11.0,0.06,0.33,7,2.14,-1.06,26.5,11456.0
pullback,1d,IS_2004_2018,ideal,70,37.1,1.1,0.036,0.04,3.2,0.2,-8.4,0.03,0.12,7,2.18,-1.0,27.3,10320.0
pullback,1d,IS_2004_2018,realistic,70,37.1,1.04,0.025,0.02,1.5,0.1,-9.6,0.01,0.07,7,2.15,-1.04,27.3,10147.0
pullback,1d,IS_2004_2018,pessimistic,70,37.1,1.05,0.018,0.02,1.6,0.1,-9.3,0.01,0.07,7,2.14,-1.06,27.3,10158.0
pullback,1d,OOS_2019_2026,ideal,28,46.4,1.93,0.285,0.29,10.3,1.4,-4.9,0.28,0.65,6,2.08,-1.0,23.9,11026.0
pullback,1d,OOS_2019_2026,realistic,28,46.4,1.91,0.278,0.28,10.1,1.4,-4.9,0.28,0.64,6,2.07,-1.01,23.9,11011.0
pullback,1d,OOS_2019_2026,pessimistic,28,46.4,1.9,0.274,0.27,10.0,1.4,-4.9,0.27,0.63,6,2.07,-1.02,23.9,11002.0
donchian,4h,full,ideal,3613,69.6,1.09,0.032,0.03,165.9,4.6,-26.6,0.17,0.58,10,13.7,-2.12,4.4,26589.0
donchian,4h,full,realistic,3613,69.1,0.99,0.001,0.0,-11.4,-0.6,-42.1,-0.01,-0.01,10,13.69,-2.15,4.4,8860.0
donchian,4h,full,pessimistic,3613,68.4,0.94,-0.019,-0.02,-42.7,-2.5,-66.5,-0.04,-0.25,10,13.68,-2.17,4.4,5733.0
donchian,4h,IS_2004_2018,ideal,2375,69.2,1.07,0.029,0.03,79.9,4.1,-15.5,0.27,0.53,10,4.96,-2.12,4.7,17985.0
donchian,4h,IS_2004_2018,realistic,2375,68.4,0.97,-0.009,-0.01,-24.0,-1.9,-26.9,-0.07,-0.17,10,4.91,-2.15,4.7,7598.0
donchian,4h,IS_2004_2018,pessimistic,2375,67.5,0.9,-0.033,-0.03,-52.2,-4.9,-53.1,-0.09,-0.57,10,4.89,-2.17,4.7,4781.0
donchian,4h,OOS_2019_2026,ideal,1234,70.4,1.12,0.04,0.04,47.3,5.6,-25.7,0.22,0.67,5,13.7,-1.95,3.9,14733.0
donchian,4h,OOS_2019_2026,realistic,1234,70.3,1.06,0.02,0.02,18.9,2.5,-29.7,0.08,0.35,5,13.69,-1.97,3.9,11892.0
donchian,4h,OOS_2019_2026,pessimistic,1234,70.1,1.01,0.007,0.01,3.9,0.5,-35.2,0.02,0.12,5,13.68,-1.98,3.9,10386.0
donchian,1d,full,ideal,759,74.6,1.13,0.04,0.04,26.6,1.1,-8.9,0.12,0.35,4,6.27,-1.98,3.5,12660.0
donchian,1d,full,realistic,759,74.3,1.1,0.028,0.03,18.1,0.8,-8.3,0.09,0.26,4,6.27,-1.99,3.5,11807.0
donchian,1d,full,pessimistic,759,74.0,1.08,0.021,0.02,14.7,0.6,-8.3,0.08,0.21,4,6.27,-1.99,3.5,11467.0
donchian,1d,IS_2004_2018,ideal,512,75.0,1.06,0.025,0.02,8.0,0.5,-8.9,0.06,0.19,3,2.73,-1.91,3.5,10802.0
donchian,1d,IS_2004_2018,realistic,512,74.6,1.02,0.01,0.01,2.5,0.2,-8.3,0.02,0.08,3,2.72,-1.92,3.5,10251.0
donchian,1d,IS_2004_2018,pessimistic,512,74.2,1.0,0.002,0.0,-0.5,-0.0,-8.3,-0.0,0.01,3,2.71,-1.92,3.5,9952.0
donchian,1d,OOS_2019_2026,ideal,242,73.1,1.27,0.067,0.07,16.7,2.2,-6.3,0.35,0.62,4,6.27,-1.98,3.4,11668.0
donchian,1d,OOS_2019_2026,realistic,242,73.1,1.24,0.06,0.06,14.7,2.0,-6.4,0.3,0.55,4,6.27,-1.99,3.4,11468.0
donchian,1d,OOS_2019_2026,pessimistic,242,73.1,1.21,0.055,0.05,12.8,1.7,-6.5,0.26,0.48,4,6.27,-1.99,3.4,11281.0
donchian,1w,full,ideal,163,74.8,1.64,0.114,0.11,26.0,1.1,-9.0,0.12,0.47,4,2.56,-1.89,2.8,12599.0
donchian,1w,full,realistic,163,74.8,1.62,0.108,0.11,25.1,1.0,-9.3,0.11,0.46,4,2.56,-1.89,2.8,12514.0
donchian,1w,full,pessimistic,163,74.8,1.6,0.105,0.1,24.5,1.0,-9.4,0.11,0.45,4,2.56,-1.89,2.8,12452.0
donchian,1w,IS_2004_2018,ideal,107,73.8,1.15,0.061,0.06,4.1,0.3,-7.7,0.04,0.17,4,2.55,-1.67,2.5,10410.0
donchian,1w,IS_2004_2018,realistic,107,73.8,1.13,0.054,0.05,3.5,0.2,-7.8,0.03,0.14,4,2.54,-1.67,2.5,10348.0
donchian,1w,IS_2004_2018,pessimistic,107,73.8,1.11,0.049,0.05,3.0,0.2,-7.9,0.03,0.13,4,2.53,-1.68,2.5,10300.0
donchian,1w,OOS_2019_2026,ideal,51,76.5,2.78,0.243,0.24,22.0,2.9,-5.1,0.56,0.88,4,2.56,-1.89,3.6,12203.0
donchian,1w,OOS_2019_2026,realistic,51,76.5,2.76,0.24,0.24,21.8,2.8,-5.1,0.56,0.87,4,2.56,-1.89,3.6,12184.0
donchian,1w,OOS_2019_2026,pessimistic,51,76.5,2.75,0.238,0.24,21.7,2.8,-5.1,0.55,0.87,4,2.56,-1.89,3.6,12172.0
ma_cross,4h,full,ideal,198,40.4,1.77,0.294,0.29,69.1,2.5,-6.2,0.4,0.66,8,7.84,-1.74,21.3,16913.0
ma_cross,4h,full,realistic,198,40.4,1.67,0.265,0.27,59.6,2.2,-6.1,0.36,0.6,8,7.81,-1.76,21.3,15959.0
ma_cross,4h,full,pessimistic,198,40.4,1.62,0.247,0.25,55.8,2.1,-6.4,0.32,0.56,8,7.8,-1.77,21.3,15582.0
ma_cross,4h,IS_2004_2018,ideal,138,44.2,1.72,0.282,0.28,41.3,2.4,-6.0,0.4,0.69,7,6.32,-1.35,21.4,14132.0
ma_cross,4h,IS_2004_2018,realistic,138,44.2,1.6,0.248,0.25,35.4,2.1,-6.1,0.35,0.61,7,6.29,-1.38,21.4,13540.0
ma_cross,4h,IS_2004_2018,pessimistic,138,44.2,1.54,0.227,0.23,32.5,2.0,-6.3,0.31,0.56,7,6.28,-1.4,21.4,13248.0
ma_cross,4h,OOS_2019_2026,ideal,65,32.3,1.83,0.293,0.29,18.9,2.5,-5.8,0.43,0.61,8,7.84,-1.74,20.7,11893.0
ma_cross,4h,OOS_2019_2026,realistic,65,32.3,1.76,0.274,0.27,17.6,2.3,-5.8,0.4,0.57,8,7.81,-1.76,20.7,11758.0
ma_cross,4h,OOS_2019_2026,pessimistic,65,32.3,1.71,0.262,0.26,16.8,2.2,-5.9,0.38,0.55,8,7.8,-1.77,20.7,11685.0
ma_cross,1d,full,ideal,22,40.9,1.07,-0.028,-0.03,0.4,0.0,-3.2,0.01,0.04,6,2.54,-1.12,15.5,10043.0
ma_cross,1d,full,realistic,22,40.9,1.02,-0.042,-0.04,0.2,0.0,-3.2,0.0,0.02,6,2.52,-1.12,15.5,10016.0
ma_cross,1d,full,pessimistic,22,40.9,1.0,-0.051,-0.05,-0.0,-0.0,-3.3,-0.0,0.0,6,2.51,-1.13,15.5,9999.0
ma_cross,1d,IS_2004_2018,ideal,11,54.5,2.22,0.279,0.28,2.9,0.2,-1.0,0.19,0.3,1,2.54,-1.12,16.5,10286.0
ma_cross,1d,IS_2004_2018,realistic,11,54.5,2.08,0.258,0.26,2.6,0.2,-1.1,0.17,0.28,1,2.52,-1.12,16.5,10264.0
ma_cross,1d,IS_2004_2018,pessimistic,11,54.5,2.0,0.245,0.25,2.5,0.2,-1.1,0.15,0.27,1,2.51,-1.13,16.5,10251.0
ma_cross,1d,OOS_2019_2026,ideal,13,30.8,0.68,-0.237,-0.24,-1.6,-0.2,-3.3,-0.07,-0.26,6,1.95,-1.14,15.3,9839.0
ma_cross,1d,OOS_2019_2026,realistic,13,30.8,0.67,-0.245,-0.25,-1.7,-0.2,-3.3,-0.07,-0.27,6,1.94,-1.15,15.3,9831.0
ma_cross,1d,OOS_2019_2026,pessimistic,13,30.8,0.66,-0.25,-0.25,-1.7,-0.2,-3.3,-0.07,-0.28,6,1.93,-1.16,15.3,9826.0
ma_cross,1w,full,ideal,5,40.0,0.9,0.126,0.13,-0.2,-0.0,-1.7,-0.0,-0.02,2,2.35,-0.99,19.0,9983.0
ma_cross,1w,full,realistic,5,40.0,0.86,0.111,0.11,-0.2,-0.0,-1.8,-0.01,-0.02,2,2.35,-0.99,19.0,9976.0
ma_cross,1w,full,pessimistic,5,40.0,0.84,0.102,0.1,-0.3,-0.0,-1.8,-0.01,-0.03,2,2.34,-0.99,19.0,9971.0
ma_cross,1w,IS_2004_2018,ideal,4,25.0,0.0,-0.431,-0.43,-1.7,-0.1,-1.7,-0.07,-0.38,2,0.01,-0.99,15.0,9830.0
ma_cross,1w,IS_2004_2018,realistic,4,25.0,0.0,-0.448,-0.45,-1.8,-0.1,-1.8,-0.07,-0.39,2,0.0,-0.99,15.0,9823.0
ma_cross,1w,IS_2004_2018,pessimistic,4,25.0,0.0,-0.459,-0.46,-1.8,-0.1,-1.8,-0.07,-0.4,2,0.0,-0.99,15.0,9819.0
ma_cross,1w,OOS_2019_2026,ideal,2,0.0,0.0,-0.646,-0.65,-1.1,-0.2,-1.1,-0.14,-0.47,2,-0.29,-1.0,2.0,9889.0
ma_cross,1w,OOS_2019_2026,realistic,2,0.0,0.0,-0.654,-0.65,-1.1,-0.2,-1.1,-0.14,-0.47,2,-0.3,-1.01,2.0,9887.0
ma_cross,1w,OOS_2019_2026,pessimistic,2,0.0,0.0,-0.66,-0.66,-1.1,-0.2,-1.1,-0.14,-0.48,2,-0.31,-1.01,2.0,9886.0
breakout_retest,4h,full,ideal,1134,39.6,1.2,0.143,0.14,322.2,6.9,-16.5,0.42,0.85,13,7.55,-1.0,16.1,42223.0
breakout_retest,4h,full,realistic,1134,39.6,1.15,0.107,0.11,185.4,5.0,-19.3,0.26,0.64,13,7.38,-1.24,16.1,28539.0
breakout_retest,4h,full,pessimistic,1134,39.6,1.11,0.084,0.08,116.1,3.6,-21.0,0.17,0.49,13,7.27,-1.39,16.1,21613.0
breakout_retest,4h,IS_2004_2018,ideal,757,39.5,1.17,0.141,0.14,157.1,6.7,-13.8,0.48,0.84,13,3.79,-1.0,16.8,25708.0
breakout_retest,4h,IS_2004_2018,realistic,757,39.5,1.11,0.099,0.1,89.5,4.5,-15.7,0.29,0.59,13,3.57,-1.24,16.8,18949.0
breakout_retest,4h,IS_2004_2018,pessimistic,757,39.5,1.08,0.072,0.07,54.0,3.0,-17.4,0.17,0.42,13,3.43,-1.39,16.8,15395.0
breakout_retest,4h,OOS_2019_2026,ideal,377,40.1,1.27,0.154,0.15,68.7,7.7,-14.9,0.51,0.96,11,7.55,-1.0,14.9,16869.0
breakout_retest,4h,OOS_2019_2026,realistic,377,40.1,1.21,0.13,0.13,50.9,6.0,-18.4,0.33,0.77,11,7.38,-1.12,14.9,15094.0
breakout_retest,4h,OOS_2019_2026,pessimistic,377,40.1,1.18,0.116,0.12,43.9,5.3,-20.7,0.25,0.69,11,7.27,-1.2,14.9,14386.0
breakout_retest,1d,full,ideal,220,44.5,1.62,0.299,0.3,83.3,2.8,-9.2,0.31,0.82,8,2.44,-1.0,12.7,18331.0
breakout_retest,1d,full,realistic,220,44.5,1.62,0.284,0.28,81.7,2.8,-9.1,0.31,0.8,8,2.43,-1.08,12.7,18169.0
breakout_retest,1d,full,pessimistic,220,44.5,1.56,0.275,0.27,73.2,2.6,-9.4,0.27,0.76,8,2.42,-1.12,12.7,17316.0
breakout_retest,1d,IS_2004_2018,ideal,139,38.8,1.27,0.148,0.15,22.7,1.4,-7.2,0.2,0.44,6,2.44,-1.0,14.0,12273.0
breakout_retest,1d,IS_2004_2018,realistic,139,38.8,1.26,0.13,0.13,21.7,1.4,-7.2,0.19,0.43,6,2.43,-1.08,14.0,12174.0
breakout_retest,1d,IS_2004_2018,pessimistic,139,38.8,1.23,0.118,0.12,19.3,1.2,-7.3,0.17,0.39,6,2.42,-1.12,14.0,11926.0
breakout_retest,1d,OOS_2019_2026,ideal,82,51.2,1.93,0.464,0.46,35.8,4.4,-9.3,0.48,1.19,8,2.3,-1.0,10.2,13577.0
breakout_retest,1d,OOS_2019_2026,realistic,82,51.2,1.93,0.454,0.45,35.7,4.4,-9.4,0.47,1.19,8,2.29,-1.02,10.2,13571.0
breakout_retest,1d,OOS_2019_2026,pessimistic,82,51.2,1.91,0.448,0.45,35.3,4.4,-9.5,0.46,1.17,8,2.29,-1.04,10.2,13526.0
slow_trend,1w,full,ideal,75,20.0,1.1,0.072,0.07,1.8,0.1,-5.3,0.02,0.05,17,6.44,-0.66,10.0,10176.0
slow_trend,1w,full,realistic,75,20.0,1.08,0.069,0.07,1.5,0.1,-5.5,0.01,0.05,17,6.42,-0.66,10.0,10145.0
slow_trend,1w,full,pessimistic,75,20.0,1.07,0.067,0.07,1.3,0.1,-5.6,0.01,0.04,17,6.42,-0.66,10.0,10126.0
slow_trend,1w,IS_2004_2018,ideal,47,19.1,1.28,0.097,0.1,3.0,0.2,-4.1,0.05,0.12,9,6.44,-0.64,11.3,10304.0
slow_trend,1w,IS_2004_2018,realistic,47,19.1,1.26,0.093,0.09,2.8,0.2,-4.2,0.05,0.11,9,6.42,-0.65,11.3,10284.0
slow_trend,1w,IS_2004_2018,pessimistic,47,19.1,1.24,0.091,0.09,2.7,0.2,-4.2,0.04,0.11,9,6.42,-0.65,11.3,10271.0
slow_trend,1w,OOS_2019_2026,ideal,27,18.5,0.49,-0.091,-0.09,-3.8,-0.6,-4.8,-0.11,-0.46,17,0.93,-0.66,5.8,9618.0
slow_trend,1w,OOS_2019_2026,realistic,27,18.5,0.48,-0.093,-0.09,-3.9,-0.6,-4.9,-0.12,-0.47,17,0.93,-0.66,5.8,9608.0
slow_trend,1w,OOS_2019_2026,pessimistic,27,18.5,0.47,-0.094,-0.09,-4.0,-0.6,-4.9,-0.12,-0.48,17,0.93,-0.66,5.8,9602.0
slow_trend,1M,full,ideal,37,21.6,0.87,0.063,0.06,-2.7,-0.1,-10.7,-0.01,-0.05,11,2.63,-0.46,4.8,9729.0
slow_trend,1M,full,realistic,37,21.6,0.87,0.061,0.06,-2.8,-0.1,-10.8,-0.01,-0.05,11,2.63,-0.46,4.8,9715.0
slow_trend,1M,full,pessimistic,37,21.6,0.86,0.06,0.06,-2.9,-0.1,-10.8,-0.01,-0.05,11,2.63,-0.46,4.8,9707.0
buy_hold,1d,full,ideal,1,100.0,,,,1173.0,12.5,-44.6,0.28,,0,,,5531.0,127297.0
buy_hold,1d,IS_2004_2018,ideal,1,100.0,,,,233.1,8.6,-44.6,0.19,,0,,,3731.0,33311.0
buy_hold,1d,OOS_2019_2026,ideal,1,100.0,,,,280.6,20.8,-21.4,0.97,,0,,,1800.0,38062.0
